{"cameraMode":{"drawMode":0,"name":"Shaded","section":"Shading Mode"},"sceneLighting":false,"audioPlay":false,"sceneViewState":{"showFog":true,"showMaterialUpdate":false,"showSkybox":true,"showFlares":true,"showImageEffects":true,"showParticleSystems":true},"in2DMode":false,"pivot":{"x":1.2701637744903565,"y":-2.492412805557251,"z":4.8066301345825199},"rotation":{"x":-0.19337384402751923,"y":-0.2209635078907013,"z":0.04474829137325287,"w":-0.954871416091919},"size":13.583829879760743,"orthographic":false}