{"cameraMode":{"drawMode":0,"name":"Shaded","section":"Shading Mode"},"sceneLighting":true,"audioPlay":false,"sceneViewState":{"showFog":true,"showMaterialUpdate":false,"showSkybox":true,"showFlares":true,"showImageEffects":true,"showParticleSystems":true},"in2DMode":false,"pivot":{"x":0.6060614585876465,"y":-2.0675861835479738,"z":4.351430416107178},"rotation":{"x":-0.19526854157447816,"y":-0.21086099743843079,"z":0.043031781911849979,"w":-0.9568470120429993},"size":14.1063814163208,"orthographic":false}