{"cameraMode":{"drawMode":0,"name":"Shaded","section":"Shading Mode"},"sceneLighting":true,"audioPlay":false,"sceneViewState":{"showFog":true,"showMaterialUpdate":false,"showSkybox":true,"showFlares":true,"showImageEffects":true,"showParticleSystems":true},"in2DMode":false,"pivot":{"x":0.0,"y":0.08000004291534424,"z":3.5199999809265138},"rotation":{"x":0.1731758862733841,"y":-0.1114283874630928,"z":-0.019723258912563325,"w":-0.9783684611320496},"size":7.604334354400635,"orthographic":false}